date,week_of_month,month,day_of_week,time_of_crime,time_range,crime_location,crime_type,property_loss,victim_occupation,victim_age,victim_civilstatus,victim_gender,suspect_count,suspect_weapon,suspect_gender,suspect_age,suspect_address
06/01/2010,1,January,Wednesday,9:00:00 PM,9 PM - 12 AM,"Sta. Cruz, Manila",Robbery,Jewelry,Manager,33,Married,Male,2,none,Female,28,Caloocan City
08/01/2010,2,January,Friday,12:00:00 PM,12 PM - 3 PM,"Tondo, Manila",Theft,"Electronics, Jewelry",Manager,31,Single,Female,1,none,Female,22,"Agusan, Del Sur"
18/01/2010,3,January,Monday,2:00:00 PM,12 PM - 3 PM,"Tondo, Manila",Theft,Cash,Government Employee,75,Married,Female,2,none,Male,"26, 30","Tondo, Manila"
19/01/2010,3,January,Tuesday,10:00:00 AM,9 AM - 12 PM,"Ermita, Manila",Theft,Mechanic Tools,none,32,Single,Male,2,none,Male,30,"Ermita, Manila"
21/01/2010,3,January,Thursday,3:00:00 PM,3 PM - 6 PM,"Sta. Ana, Manila",Theft,"Cash, Gadgets",Human Resource Officer,31,Married,Male,1,none,Female,32,"Tondo, Manila"
21/01/2010,3,January,Thursday,9:00:00 AM,9 AM - 12 PM,"San Andres, Manila",Theft,Electronics,Custom Broker,45,Married,Male,1,none,Male,32,"Caloocan City, "
27/01/2010,4,January,Wednesday,10:00:00 AM,9 AM - 12 PM,"Ermita, Manila",Robbery,"Gadget, Jewelry, Electronics",Businessman,55,Married,Female,1,Gun,Male,42,"Tondo, Manila"
28/01/2010,4,January,Thursday,2:00:00 PM,12 PM - 3 PM,"Port Area, Manila",Robbery,Cash,Businessman,32,Married,Male,1,Gun,Male,31,"Tondo, Manila"
06/02/2010,1,February,Saturday,2:30:00 AM,12 AM - 3 AM,"Tondo, Manila",Robbery,"Cash, Gadgets",Government Employee,43,Married,Female,1,Knife,Male,40,"Tondo, Manila"
06/02/2010,1,February,Saturday,8:00:00 PM,6 PM - 9 PM,"Tondo, Manila",Robbery,Gadget,Student,18,Single,Female,1,knife,Male,40,"Tondo, Manila"
06/02/2010,1,February,Saturday,3:30:00 AM,3 AM - 6 AM,"Tondo, Manila",Theft,Van,Businessman,40,Married,Male,2,none,Male,"26, 36","Tondo, Manila, Zamboanga"
14/02/2010,2,February,Sunday,11:00:00 AM,9 AM - 12 PM,"Sta. Cruz, Manila",Theft,"Cash, Gadgets, Jewelry",none,42,Widowed,Female,1,none,Female,21,Sta. Cruz Manila
24/02/2010,4,February,Wednesday,2:00:00 AM,12 AM - 3 AM,"Tondo, Manila",Robbery,"Cash, Business Equipment",Businessman,63,Married,Male,5,Gun,Male,"28, 30, 20. 47. 22","Tondo, Manila"
24/02/2010,4,February,Wednesday,4:00:00 PM,3 PM - 6 PM,"Malate, Manila ",Robbery,Cash,Jobless,21,Married,Female,2,none,M,"28, 31",Caloocan City
26/02/2010,4,February,Friday,3:00:00 PM,3 PM - 6 PM,"Tondo, Manila",Robbery,Cash,Manager,52,Married,Male,1,none,M,25,"Tondo, Manila"
27/02/2010,4,February,Saturday,2:00:00 AM,12 AM - 3 AM,"Tondo, Manila",Robbery,Cash,Manager,50,Married,Male,1,none,M,33,Caloocan City
27/02/2010,4,February,Saturday,10:30:00 PM,9 PM - 12 AM,"Sta. Cruz, Manila",Theft,Phone,Businesswoman,42,Married,Female,1,none,M,41,"Tondo, Manila"
12/03/2010,2,March,Friday,4:30:00 AM,3 AM - 6 AM,"Sta. Ana, Manila",Robbery,Gadget,Steelman,30,Single,Male,1,none,Male,36,"Sta. Ana, Manila"
20/03/2010,3,March,Saturday,3:30:00 PM,3 PM - 6 PM,"Sta. Ana, Manila",Robbery,"Jewelry, Gadgets",Businesswoman,45,Married,Female,1,none,Male,36,"Sta. Ana, Manila"
20/03/2010,3,March,Saturday,12:00:00 PM,12 PM - 3 PM,"Sta. Cruz, Manila",Robbery,"Cash, Wallet (ID)",Student,21,Single,Female,1,Gun,Male,42,Quezon City
27/03/2010,4,March,Saturday,8:00:00 PM,6 PM - 9 PM,"Tondo, Manila",Robbery,Cash,Vendor,78,Married,Female,2,none,Male,"28, 29","Tondo, Manila"
06/04/2010,1,April,Tuesday,6:00:00 PM,6 PM - 9 PM,"Ermita, Manila",Theft,Cash,Manager,41,Married,Female,1,none,Male,37,Cavite City
06/04/2010,1,April,Tuesday,12:00:00 PM,12 PM - 3 PM,"Sta. Ana, Manila",Robbery,Cash,Nun,60,Single,Female,2,Gun,Male,"36, 25","Sta. Ana, Manila"
07/04/2010,1,April,Wednesday,9:45:00 PM,9 PM - 12 AM,"Sta. Ana, Manila",Robbery,Car,Businessman,33,Married,Male,2,Gun,Male,"36, 26","Sta. Ana, Manila"
08/04/2010,2,April,Thursday,6:00:00 PM,6 PM - 9 PM,"Sampaloc, Manila",Theft,Cash,Businesswoman,41,Married,Female,1,none,Female,37,Bulacan
09/04/2010,2,April,Friday,12:00:00 AM,12 AM - 3 AM,"Sta. Cruz, Manila",Theft,Cash,Businessman,30,Single,Male,1,none,Male,42,"Sta. Cruz, Manila"
12/04/2010,2,April,Monday,9:00:00 AM,9 AM - 12 PM,"Ermita, Manila",Theft,Gadget,Electrician,37,Married,Male,1,none,Female,16,"Paco, Manila"
14/04/2010,2,April,Wednesday,4:30:00 PM,3 PM - 6 PM,"Sta. Cruz, Manila",Theft,"Electronics, Cash",Theraphist,30,Single,Female,1,none,Female,18,Surigao
27/04/2010,4,April,Tuesday,7:00:00 PM,6 PM - 9 PM,"Tondo, Manila",Robbery,Cash,Manager,46,Married,Male,2,Knife,Male,28,"Tondo, Manila"
01/05/2010,1,May,Saturday,3:30:00 PM,3 PM - 6 PM,"Ermita, Manila",Robbery,Gadget,Secretary,19,Single,Female,1,none,Male,22,Valenzuela City
17/05/2010,3,May,Monday,8:00:00 PM,6 PM - 9 PM,"Binondo, Manila",Robbery,"Cash, Jewelry",Sales Agent,89,Married,Male,3,none,Male,"43, 31","Binondo, Manila/Quezon City/ Quiapo Manila"
18/05/2010,3,May,Tuesday,5:00:00 PM,3 PM - 6 PM,"Intramuros, Manila",Robbery,Gadget,Trainor Councelor,27,Single,Male,1,none,Male,34,"Tondo, Manila"
22/05/2010,4,May,Saturday,1:00:00 AM,12 AM - 3 AM,"Ermita, Manila",Theft,Cash,Manager,35,Married,Female,1,none,Male,27,Malabon City
24/05/2010,4,May,Monday,3:00:00 AM,3 AM - 6 AM,"Sta. Cruz, Manila",Theft,"Cash, Electronics",Manager,35,Single,Female,1,none,Male,45,Cotabato
26/05/2010,4,May,Wednesday,12:00:00 PM,12 PM - 3 PM,"Sampaloc, Manila",Theft,Cash,Businessman,62,Married,Male,1,none,Female,32,"Paco, Manila"
27/05/2010,4,May,Thursday,1:00:00 AM,12 AM - 3 AM,"Tondo, Manila",Theft,Merchandise,Businessman,47,Married,Male,2,none,Male,"25,26","Madaluyong City/ Tondo, Manila"
27/05/2010,4,May,Thursday,7:00:00 AM,6 AM - 9 AM,"Sta. Mesa, Manila",Theft,"Electronics (Camera, Laptop)",Government Employee,38,Married,Male,1,none,Female,30,"Tanay, Rizal"
03/06/2010,1,June,Thursday,1:00:00 PM,12 PM - 3 PM,"Ermita, Manila",Theft,Electronics (Laptop),Businessman,54,Married,Male,1,none,Female,33,Pasay City
11/06/2010,2,June,Friday,7:30:00 PM,6 PM - 9 PM,"Quiapo, Manila",Robbery,Gadgets,Businesswoman,44,Married,Female,1,none,Male,36,Cavite City
12/06/2010,2,June,Saturday,10:00:00 AM,9 AM - 12 PM,"Sampaloc, Manila",Theft,"Electornics and Gadgets, Cash",Lawyer,28,Single,Female,1,none,Female,34,"Quezon, City"
17/06/2010,3,June,Thursday,8:00:00 PM,6 PM - 9 PM,"Malate, Manila ",Robbery,Gadgets,Accountant,35,Single,Female,1,Gun,Male,35,Pasay City
19/06/2010,3,June,Saturday,1:30:00 PM,12 PM - 3 PM,"Sampaloc, Manila",Theft,Cash,Manager,45,Single,Female,3,none,2M 1 F,"21, 19, 24",Sampaloc Manila
03/07/2010,1,July,Saturday,2:30:00 PM,12 PM - 3 PM,"Ermita, Manila",Theft,Electronics (Laptop),Businessman,45,Married,Male,1,none,Female,33,Pasay City
12/07/2010,2,July,Monday,3:30:00 PM,3 PM - 6 PM,"Ermita, Manila",Theft,Cash,Businessman,45,Married,Male,5,none,M,"54, 23, 30, 32, 36","Bulacan, Quezon City, Caloocan, Tondo, Manila"
13/07/2010,2,July,Tuesday,4:30:00 PM,3 PM - 6 PM,"Ermita, Manila",Theft,Gadget,Student,21,Single,Male,1,none,Male,33,Bulacan
14/07/2010,2,July,Wednesday,5:30:00 PM,3 PM - 6 PM,"Tondo, Manila",Robbery,Cash,Businessman,35,Married,Female,1,Gun,Male,36,Cavite City
15/07/2010,3,July,Thursday,6:30:00 PM,6 PM - 9 PM,"Quiapo, Manila",Theft,"Electornics and Gadgets, Cash",Student,20,Married,Female,1,none,Male,34,"Quezon, City"
15/07/2010,3,July,Thursday,9:00:00 PM,9 PM - 12 AM,"Malate, Manila ",Robbery,Gadgets,Manager,35,Single,Female,1,Gun,Male,35,Pasay City
16/07/2010,3,July,Friday,2:30:00 PM,12 PM - 3 PM,"Sampaloc, Manila",Theft,Cash,Manager,49,Married,Female,1,none,Male,48,Sampaloc Manila
17/07/2010,3,July,Saturday,1:30:00 AM,12 AM - 3 AM,"Ermita, Manila",Theft,Cash,Businessman,47,Married,Female,1,none,Male,38,Sampaloc Manila
19/07/2010,3,July,Monday,9:00:00 PM,9 PM - 12 AM,"Sta. Cruz, Manila",Theft,"Electornics and Gadgets, Cash",Businessman,28,Single,Female,1,none,Female,34,"Quezon, City"
27/07/2010,4,July,Tuesday,8:00:00 PM,6 PM - 9 PM,"Malate, Manila ",Robbery,Gadgets,Businessman,35,Married,Female,1,Gun,Male,35,Pasay City
29/07/2010,5,July,Thursday,1:30:00 PM,12 PM - 3 PM,"Paco, Manila",Theft,Cash,Manager,49,Married,Female,1,none,Male,30,Sampaloc Manila
29/07/2010,5,July,Thursday,1:30:00 PM,12 PM - 3 PM,"Quiapo, Manila",Theft,Cash,Manager,47,Married,Female,1,none,Male,29,"Tondo, Manila"
04/08/2010,1,August,Wednesday,8:30:00 PM,6 PM - 9 PM,"Sampaloc, Manila",Theft,Gadget,Student,18,Single,Male,1,none ,Male,39,"Tondo, Manila"
11/08/2010,2,August,Wednesday,7:30:00 PM,6 PM - 9 PM,"Sta. Cruz, Manila",Theft,Cash,Businesswoman,47,Married,Female,1,none ,Male,22,"Tondo, Manila"
13/08/2010,2,August,Friday,7:30:00 AM,6 AM - 9 AM,"Sta. Mesa, Manila",Robbery,"Gadget, Cash",Call center agent,22,Single,Female,1,none ,Male,39,Cavite City
14/08/2010,2,August,Saturday,9:30:00 PM,9 PM - 12 AM,"Quiapo, Manila",Theft,"Gadget, Cash",Businesswoman,39,Married,Female,1,none ,Male,25,"Tondo, Manila"
15/08/2010,3,August,Sunday,5:00:00 PM,3 PM - 6 PM,"Tondo, Manila",Theft,Cash,Call center agent,23,Single,Female,1,none ,Male,22,"Tondo, Manila"
15/08/2010,3,August,Sunday,11:00:00 PM,9 PM - 12 AM,"Ermita, Manila",Robbery,Cash,Businessman,39,Married,Male,1,none ,Male,39,Caloocan City
16/08/2010,3,August,Monday,2:30:00 AM,12 AM - 3 AM,"Ermita, Manila",Theft,Cash,Businessman,47,Married,Male,1,none ,Male,30,Caloocan City
17/08/2010,3,August,Tuesday,10:00:00 AM,9 AM - 12 PM,"Sampaloc, Manila",Robbery,Cash,Student,18,Single,Male,1,none ,Male,42,"Tondo, Manila"
19/08/2010,3,August,Thursday,7:30:00 AM,6 AM - 9 AM,"Intramuros, Manila",Robbery,Cash,Businesswoman,47,Married,Female,1,none ,Male,39,"Tondo, Manila"
22/08/2010,4,August,Sunday,10:30:00 AM,9 AM - 12 PM,"Sampaloc, Manila",Theft,Gadget,Businesswoman,23,Single,Female,2,none,"M, F",23,Sta. Lucena/ Tarlac City
04/09/2010,1,September,Saturday,4:00:00 AM,3 AM - 6 AM,"Paco, Manila",Theft,Food Products,Vendor,61,Married,Male,1,none,Male,22,"Paco, Manila"
04/09/2010,1,September,Saturday,9:30:00 PM,9 PM - 12 AM,"Malate, Manila ",Theft,Cash,Businessman,70,Single,Male,2,none,Female,23,"Tondo, Manila"
09/09/2010,2,September,Thursday,1:30:00 PM,12 PM - 3 PM,"Ermita, Manila",Theft,Cash,Supervisor,35,Married,Female,1,none,Male,52,"Paco, Manila"
15/09/2010,3,September,Wednesday,10:00:00 AM,9 AM - 12 PM,"Malate, Manila ",Theft,Cash,Manager,28,Married,Male,1,none,Female,24,"Sta. Ana, Manila"
22/09/2010,4,September,Wednesday,12:00:00 PM,12 PM - 3 PM,"Tondo, Manila",Theft,Cash,Businesswoman,22,Single,Male,1,none,Male,39,Caloocan City
27/09/2010,4,September,Monday,3:30:00 PM,3 PM - 6 PM,"Sampaloc, Manila",Theft,Cash,Manager,28,Single,Female,1,none,Male,34,Sampaloc Manila
30/09/2010,5,September,Thursday,1:30:00 PM,12 PM - 3 PM,"Ermita, Manila",Theft,Cash,Seaman,32,Single,Male,5,none,Male,35,Laguna/ Pampanga
01/10/2010,1,October,Friday,3:30:00 PM,3 PM - 6 PM,"Malate, Manila ",Theft,Electronics,None,38,Married,Male,1,none,Male,27,"Malate, Manila"
05/10/2010,1,October,Tuesday,6:00:00 PM,6 PM - 9 PM,"Tondo, Manila",Theft,Bicycle,Operator,27,Single,Female,1,none,Male,24,"Tondo, Manila"
07/10/2010,1,October,Thursday,9:00:00 AM,9 AM - 12 PM,"Malate, Manila ",Theft,"Cash, Jewelry",Liaison Officer,60,Married,Female,1,none,Male,39,Sampaloc Manila
10/10/2010,2,October,Sunday,5:00:00 PM,3 PM - 6 PM,"Tondo, Manila",Theft,Cash,Manufacturing Employee,32,Married,Male,1,none,Male,33,"Tondo, Manila"
13/10/2010,2,October,Wednesday,6:00:00 PM,6 PM - 9 PM,"Ermita, Manila",Theft,Cash,Sales trainor,29,Single,Male,1,none,Female,42,Caloocan City
03/11/2010,1,November,Wednesday,5:30:00 PM,3 PM - 6 PM,"Sta. Cruz, Manila",Theft,"Electrionics, Wristwatch",Businessman,57,Married,Male,1,Knife,Male,27,"Tondo, Manila"
04/11/2010,1,November,Thursday,7:30:00 AM,6 AM - 9 AM,"San Andres, Manila",Theft,Hardware Products,Businesswoman,38,Married,Female,1,none,Male,36,"San Andres Bukid, Manila"
09/11/2010,2,November,Tuesday,5:00:00 PM,3 PM - 6 PM,"Sampaloc, Manila",Robbery,Gadgets,Student,15,Single,Male,3,Knife,Male,"33, 16, 25","Caloocan City, Quezon City"
10/11/2010,2,November,Wednesday,2:00:00 PM,12 PM - 3 PM,"Malate, Manila ",Theft,Cash,Business Owner,34,Single,Male,2,none,Female,"26, 42",Sampaloc/ Bulacan
11/11/2010,2,November,Thursday,6:00:00 PM,6 PM - 9 PM,"Tondo, Manila",Robbery,Cash,Service Crew,23,Single,Male,3,Gun,Male,21,"Tondo, Manila"
23/11/2010,4,November,Tuesday,4:00:00 AM,3 AM - 6 AM,"Sta. Cruz, Manila",Robbery,"Electronics, Cash",Casting Director,43,Single,Male,2,Gun,Male,29,"Tondo, Manila"
25/11/2010,4,November,Thursday,9:00:00 PM,9 PM - 12 AM,"Tondo, Manila",Theft,Motorcycle,Tricyle Operator,41,Single,Female,1,none,Male,30,Bulacan
09/12/2010,2,December,Thursday,8:00:00 AM,6 AM - 9 AM,"Sampaloc, Manila",Theft,"Cash, IDs",Government Employee,56,Married,Female,1,none,Female,52,Quezon City
14/12/2010,2,December,Tuesday,3:30:00 PM,3 PM - 6 PM,"Ermita, Manila",Robbery,"Cash, Gadgets",Student,17,Single,Male,3,none,Male,"34, 43 20",Quiapo/ Samaplaoc Manila
16/12/2010,3,December,Thursday,8:30:00 AM,6 AM - 9 AM,"Sampaloc, Manila",Theft,"Cash, Jewelry",Government Employee,32,Married,Male,1,none,Female,32,Quezon City
21/12/2010,3,December,Tuesday,6:00:00 PM,6 PM - 9 PM,"Tondo, Manila",Theft,Cash,Human Resource Officer,33,Married,Female,2,none,Female,"18, 20","Sampaloc/ Tondo, Manila"
31/12/2010,5,December,Friday,11:30:00 AM,9 AM - 12 PM,"Tondo, Manila",Robbery,Jewelry,Businesswoman,45,Married,Female,1,none,Male,22,"Tondo, Manila"
04/01/2011,1,January,Tuesday,9:00:00 AM,9 AM - 12 PM,"Malate, Manila ",Theft,Cash,Engineer,32,Married,Male,1,none,Male,34,"Caloocan City, "
06/01/2011,1,January,Thursday,9:00:00 PM,9 PM - 12 AM,"Sta. Cruz, Manila",Robbery,Jewelry,Manager,33,Married,Male,2,none,Male,"28, 23","Caloocan City, "
08/01/2011,2,January,Saturday,12:00:00 PM,12 PM - 3 PM,"Tondo, Manila",Theft,Cash,Call Center Manager,31,Single,Female,1,none,Female,22,"Tondo, Manila"
18/01/2011,3,January,Tuesday,2:00:00 PM,12 PM - 3 PM,"Tondo, Manila",Theft,Cash,Government Employee,75,Married,Female,2,none,Male,"26, 30","Tondo, Manila"
19/01/2011,3,January,Wednesday,10:00:00 AM,9 AM - 12 PM,"Ermita, Manila",Theft,Cash,Manager,32,Single,Male,2,none,Male,30,"Tondo, Manila"
19/01/2011,3,January,Wednesday,10:00:00 AM,9 AM - 12 PM,"Ermita, Manila",Theft,Car,Manager,32,Single,Male,2,none,Male,"30, 22","Tondo, Manila"
25/01/2011,4,January,Tuesday,2:00:00 PM,12 PM - 3 PM,"Ermita, Manila",Theft,Cash,Call Center Manager,27,Single,Female,3,none,Male,"20,22,30","Caloocan City, "
06/02/2011,1,February,Sunday,5:00:00 PM,3 PM - 6 PM,"Tondo, Manila",Robbery,Gadgets,Manager,25,Single,Male,1,none,Male,41,"Tondo, Manila"
06/02/2011,1,February,Sunday,1:00:00 PM,12 PM - 3 PM,"Tondo, Manila",Robbery,Gadget,Jobless,27,Single,Female,2,none,Male,"22, 23","Tondo, Manila"
09/02/2011,2,February,Wednesday,11:30:00 AM,9 AM - 12 PM,"Tondo, Manila",Robbery,Jewelry,Jobless,49,Married,Female,1,none,Male,18,"Tondo, Manila"
10/02/2011,2,February,Thursday,2:30:00 AM,12 AM - 3 AM,"Tondo, Manila",Robbery,"Cash, Gadgets",Government Employee,43,Married,Female,1,Knife,Male,40,"Tondo, Manila"
14/02/2011,2,February,Monday,3:00:00 AM,3 AM - 6 AM,"Tondo, Manila",Theft,Gadget,Call Center Agent,24,Single,Male,1,none,Male,15,"Tondo, Manila"
14/02/2011,2,February,Monday,11:00:00 AM,9 AM - 12 PM,"Sta. Cruz, Manila",Theft,"Cash, Gadgets, Jewelry",Jobless,42,Widowed,Female,2,none,Female,"31,23",Sta. Cruz Manila
14/02/2011,2,February,Monday,4:00:00 AM,3 AM - 6 AM,"Sta. Cruz, Manila",Theft,"Cash, Phone",Businessman,42,Married,Female,1,none,Female,21,Quezon City
16/02/2011,3,February,Wednesday,3:30:00 AM,3 AM - 6 AM,"Tondo, Manila",Theft,Van,Businessman,40,Married,Male,2,none,Male,"26, 36","Sta. Cruz, Manila"
16/02/2011,3,February,Wednesday,8:00:00 PM,6 PM - 9 PM,"Tondo, Manila",Robbery,Gadget,Student,18,Single,Female,1,knife,Male,40,"Tondo, Manila"
16/02/2011,3,February,Wednesday,3:30:00 AM,3 AM - 6 AM,"Tondo, Manila",Theft,Van,Businessman,40,Married,Male,1,none,Male,36,"Tondo, Manila, Zamboanga"
18/02/2011,3,February,Friday,5:00:00 PM,3 PM - 6 PM,"Binondo, Manila",Robbery,Cash,Office Clerk,44,Married,Female,1,none,Male,25,"Tondo, Manila"
18/02/2011,3,February,Friday,5:00:00 PM,3 PM - 6 PM,"Binondo, Manila",Robbery,Cash,Office Clerk,44,Married,Female,1,none,Male,30,"Tondo, Manila"
22/02/2011,4,February,Tuesday,3:00:00 PM,3 PM - 6 PM,"Tondo, Manila",Robbery,"Jewelry, Gadgets",Student,19,Single,Female,1,Gun,Male,23,"Tondo, Manila"
27/02/2011,4,February,Sunday,9:30:00 PM,9 PM - 12 AM,"Sta. Cruz, Manila",Theft,Wallet (Cash and Cards),Call Center Agent,30,Single,Male,1,none,Male,41,"Sta. Mesa, Manila"
03/03/2011,1,March,Thursday,12:05:00 AM,12 AM - 3 AM,"Pandacan, Manila",Theft,Gadget,Student,17,Single,Male,1,none,Female,33,Pasay City
06/03/2011,1,March,Sunday,1:40:00 AM,12 AM - 3 AM,"Pandacan, Manila",Robbery,"Jewelry, Gadgets",Vendor,44,Married,Female,2,none,Male," 32, 36","Bulacan, Quezon City, Caloocan, Tondo, Manila"
11/03/2011,2,March,Friday,8:10:00 PM,6 PM - 9 PM,"Pandacan, Manila",Theft,Cash,Jobless,29,Married,Male,1,none,Male,33,Bulacan
13/03/2011,2,March,Sunday,10:43:00 PM,9 PM - 12 AM,"Pandacan, Manila",Robbery,Cash,Student,18,Single,Female,1,Gun,Male,36,Cavite City
14/03/2011,2,March,Monday,4:00:00 AM,3 AM - 6 AM,"Pandacan, Manila",Robbery,Cash,Jobless,24,Single,Female,1,Knife,Male,36,"Sampaloc, Manila"
18/03/2011,3,March,Friday,4:00:00 AM,3 AM - 6 AM,"Pandacan, Manila",Theft,Cash,Businessman,31,Single,Female,1,none,Male,36,Sta. Cruz Manila
19/03/2011,3,March,Saturday,12:30:00 AM,12 AM - 3 AM,"Pandacan, Manila",Robbery,Car,Businesswoman,35,Married,Male,1,Gun,Male,42,"Sampaloc, Manila"
21/03/2011,3,March,Monday,5:10:00 AM,3 AM - 6 AM,"Pandacan, Manila",Robbery,Cash,Businesswoman,29,Married,Male,2,Gun,Male,"28, 29","Caloocan City, "
23/03/2011,4,March,Wednesday,1:00:00 AM,12 AM - 3 AM,"Pandacan, Manila",Theft,Cash,Call Center Agent,22,Single,Male,1,none,Male,36,"Sampaloc, Manila"
08/04/2011,2,April,Friday,4:00:00 AM,3 AM - 6 AM,"Sta. Ana, Manila",Theft,Gadget,Student,19,Single,Male,1,none,Male,36,"Ermita, Manila"
13/04/2011,2,April,Wednesday,4:30:00 PM,3 PM - 6 PM,"Sta. Ana, Manila",Theft,Cash and Gadget,Businessman,33,Married,Female,1,Gun,Male,42,"Ermita, Manila"
18/04/2011,3,April,Monday,7:00:00 PM,6 PM - 9 PM,"Sampaloc, Manila",Theft,Cash,Businesswoman,34,Married,Female,3,none,Male,"28, 29, 36","Caloocan City, "
19/04/2011,3,April,Tuesday,3:30:00 PM,3 PM - 6 PM,"Sta. Cruz, Manila",Theft,Cash,Businessman,43,Married,Male,1,none,Male,42,"Sta. Cruz, Manila"
20/04/2011,3,April,Wednesday,8:00:00 PM,6 PM - 9 PM,"Ermita, Manila",Theft,Cash,Electrician,33,Married,Male,1,none,Female,16,"Paco, Manila"
22/04/2011,4,April,Friday,3:00:00 PM,3 PM - 6 PM,"Tondo, Manila",Robbery,"Jewelry, Gadgets",Theraphist,44,Married,Female,4,Gun,Male,"16,17,20,24","Tondo, Manila"
22/04/2011,4,April,Friday,3:00:00 PM,3 PM - 6 PM,"Tondo, Manila",Robbery,"Jewelry, Gadgets",Businesswoman,43,Married,Female,2,Gun,Male,"21,24","Tondo, Manila"
12/05/2011,2,May,Thursday,9:00:00 AM,9 AM - 12 PM,"Ermita, Manila",Robbery,Cash,Student,19,Single,Male,1,Gun,Male,26,"Ermita, Manila"
13/05/2011,2,May,Friday,1:00:00 AM,12 AM - 3 AM,"Sta. Cruz, Manila",Theft,Gadget,Businessman,44,Single,Male,1,none,Male,26,"Tondo, Manila"
25/05/2011,4,May,Wednesday,5:00:00 PM,3 PM - 6 PM,"Sta. Cruz, Manila",Theft,"Cash, Jewelry",Student,20,Single,Female,1,none,Male,29,"Caloocan City, "
27/05/2011,4,May,Friday,9:30:00 PM,9 PM - 12 AM,"Tondo, Manila",Robbery,Cash,Businessman,43,Married,Male,1,Gun,Male,26,"Tondo, Manila"
12/05/2011,2,May,Thursday,9:00:00 AM,9 AM - 12 PM,"Ermita, Manila",Robbery,Gadget,Businessman,34,Single,Female,1,Gun,Female,26,"Caloocan City, "
13/05/2011,2,May,Friday,1:00:00 AM,12 AM - 3 AM,"Sta. Cruz, Manila",Robbery,"Cash, Jewelry",Businessman,46,Married,Male,1,none,Female,26,"Tondo, Manila"
25/05/2011,4,May,Wednesday,5:00:00 PM,3 PM - 6 PM,"Sta. Cruz, Manila",Theft,Phone,Student,18,Single,Male,1,none,Male,21,"Tondo, Manila"
27/05/2011,4,May,Friday,9:30:00 PM,9 PM - 12 AM,"Tondo, Manila",Theft,Phone,Student,16,Single,Male,2,none,Male,"20, 23","Tondo, Manila"
05/06/2011,1,June,Sunday,3:30:00 AM,3 AM - 6 AM,"Tondo, Manila",Robbery,Gadgets,Employee,25,Married,Female,1,none,Female,26,"Tondo, Manila"
07/06/2011,1,June,Tuesday,4:30:00 AM,3 AM - 6 AM,"Tondo, Manila",Robbery,Gadgets,Employee,25,Single,Female,1,Gun,Female,27,"Tondo, Manila"
07/06/2011,1,June,Tuesday,3:00:00 PM,3 PM - 6 PM,"Sta. Ana, Manila",Robbery,Cash,Secretary,25,Married,Female,1,Gun,Male,30,"Tondo, Manila"
17/06/2011,3,June,Friday,8:00:00 PM,6 PM - 9 PM,"Malate, Manila ",Robbery,Cash,Employee,40,Married,Male,1,none,Male,33,"Tondo, Manila"
19/06/2011,3,June,Sunday,1:30:00 PM,12 PM - 3 PM,"Tondo, Manila",Theft,Cash,Businessman,40,Married,Male,1,none,Male,22,"Ermita, Manila"
23/06/2011,4,June,Thursday,11:45:00 AM,9 AM - 12 PM,"Quiapo, Manila",Theft,Cash,Seaman,40,Married,Male,2,none,Female,"43, 23","Sampaloc, Manila"
24/06/2011,4,June,Friday,10:00:00 AM,9 AM - 12 PM,"Sta. Mesa, Manila",Theft,Cash,Businessman,47,Married,Male,1,none,Male,24,"Sta. Mesa, Manila"
28/06/2011,4,June,Tuesday,9:00:00 AM,9 AM - 12 PM,"Ermita, Manila",Theft,Cash,Businessman,46,Married,Male,1,none,Male,38,"Ermita, Manila"
06/07/2011,1,July,Wednesday,4:30:00 PM,3 PM - 6 PM,"San Andres, Manila",Theft,Gadgets,Businessman,46,Married,Male,3,none,Female,"21, 19, 24",Sampaloc Manila
07/07/2011,1,July,Thursday,11:30:00 AM,9 AM - 12 PM,"Sta. Cruz, Manila",Robbery,Gadgets,Manager,33,Single,Male,1,none,Male,33,Pasay City
08/07/2011,2,July,Friday,1:30:00 AM,12 AM - 3 AM,"Ermita, Manila",Theft,Cash,Housewife,47,Married,Female,3,none,Male,"23, 30, 45","Bulacan, Quezon City, Caloocan, Tondo, Manila"
13/07/2011,2,July,Wednesday,2:45:00 PM,12 PM - 3 PM,"Ermita, Manila",Theft,Cash,Businessman,21,Married,Female,1,none,Male,33,Bulacan
14/07/2011,2,July,Thursday,6:30:00 PM,6 PM - 9 PM,"Sampaloc, Manila",Theft,"Jewelry, Gadgets",Manager,50,Married ,Male,1,Gun,Female,36,Cavite City
15/07/2011,3,July,Friday,4:00:00 PM,3 PM - 6 PM,"Sta. Cruz, Manila",Theft,Cash,Businesswoman,42,Married,Female,1,none,Male,41,"Munoz, Manila"
21/07/2011,3,July,Thursday,3:30:00 PM,3 PM - 6 PM,"San Andres, Manila",Robbery,"Cash, Jewelry, Gadgets",Businessman,26,Married,Male,1,none,Female,30,Unidentified
22/07/2011,4,July,Friday,3:00:00 PM,3 PM - 6 PM,"Ermita, Manila",Theft,Cash,Manager,59,Married,Male,2,none,Male,"41,48","Caloocan City, Quezon City, Taguig Cuty"
25/07/2011,4,July,Monday,4:00:00 AM,3 AM - 6 AM,"Paco, Manila",Robbery,Cash,Businessman,49,Married,Female,2,Knife,Male,"17, 21","Paco, Manila"
25/07/2011,4,July,Monday,4:00:00 AM,3 AM - 6 AM,"Paco, Manila",Robbery,"Cash, Jewelry, Gadgets",Jobless,49,Married,Female,2,none,Male,"21,17","Paco, Manila"
29/07/2011,5,July,Friday,1:15:00 AM,12 AM - 3 AM,"Sampaloc, Manila",Robbery,Cash,Trainor,52,Married,Female,2,Gun,Male,"21, 20",Unidentified
02/08/2011,1,August,Tuesday,3:20:00 AM,3 AM - 6 AM,"Sta. Ana, Manila",Robbery,"Cash, Jewelry, Gadgets",Contractor,32,Single,Male,3,none,Male,"30, 32, 21",Sta. Ana Manila
09/08/2011,2,August,Tuesday,1:45:00 PM,12 PM - 3 PM,"Sampaloc, Manila",Robbery,"Cash, Jewelry, Gadgets",Employee,38,Married,Female,1,Gun,Female,30,"Sampaloc, Manila"
11/08/2011,2,August,Thursday,12:10:00 PM,12 PM - 3 PM,"Ermita, Manila",Robbery,"Cash, Jewelry, Gadgets",Student,20,Single,Female,1,Gun,Male,36,Antipolo City
13/08/2011,2,August,Saturday,7:30:00 AM,6 AM - 9 AM,"Sta. Mesa, Manila",Theft,Phone,Student,16,Single,Male,1,none,Male,30,"Ermita, Manila"
14/08/2011,2,August,Sunday,9:30:00 PM,9 PM - 12 AM,"Quiapo, Manila",Theft,Phone,Businessman,33,Married,Male,2,none,Male,"23, 34","Tondo, Manila"
19/08/2011,3,August,Friday,5:00:00 PM,3 PM - 6 PM,"Tondo, Manila",Robbery,"Phone, Cash",Businessman,33,Married,Male,3,none,Male,"35, 23, 22","Tondo, Manila"
25/08/2011,4,August,Thursday,11:00:00 PM,9 PM - 12 AM,"Ermita, Manila",Robbery,"Phone, Cash",Manager,45,Married,Female,3,none,Male,"39, 29, 22","Ermita, Manila"
26/08/2011,4,August,Friday,2:30:00 AM,12 AM - 3 AM,"Ermita, Manila",Theft,Cash,Manager,43,Married,Male,3,none,Male,"39, 34, 21",Antipolo City
02/09/2011,1,September,Friday,9:00:00 PM,9 PM - 12 AM,"Malate, Manila ",Robbery,"Gadgets, Cash",Freelance Event Coordinator,30,Single,Male,1,none,Male,37,"Paco, Manila"
02/09/2011,1,September,Friday,10:30:00 AM,9 AM - 12 PM,"Sta. Ana, Manila",Robbery,"Gadgets, Cash",Employee,35,Single,Male,1,Gun,Male,36,"Sampaloc, Manila"
12/09/2011,2,September,Monday,9:00:00 PM,9 PM - 12 AM,"Malate, Manila ",Theft,Cash,Office Employee,34,Married,Male,1,none,Male,39,"Sampaloc, Manila"
13/09/2011,2,September,Tuesday,12:00:00 AM,12 AM - 3 AM,"Sta. Cruz, Manila",Theft,Cash,Businessman,39,Married,Male,1,none,Male,23,"Caloocan City, "
21/09/2011,3,September,Wednesday,9:00:00 PM,9 PM - 12 AM,"Malate, Manila ",Robbery,Cash,Businessman,45,Married,Male,1,Gun,Male,22,"Caloocan City, "
23/09/2011,4,September,Friday,12:00:00 PM,12 PM - 3 PM,"Sta. Cruz, Manila",Theft,Cash,Call Center Agent,28,Married,Male,1,none,Male,23,"Tondo, Manila"
22/09/2011,4,September,Thursday,6:30:00 AM,6 AM - 9 AM,"Quiapo, Manila",Robbery,Cash,Student,17,Single,Male,1,none,Male,52,Sta. Cruz Manila
23/09/2011,4,September,Friday,6:30:00 AM,6 AM - 9 AM,"Quiapo, Manila",Robbery,Cash,Businessman,43,Married,Male,1,Gun,Male,24,"Sampaloc, Manila"
12/10/2011,2,October,Wednesday,3:30:00 PM,3 PM - 6 PM,"Malate, Manila ",Robbery,Electronics,Businessman,44,Single,Male,1,Gun,Female,39,"Caloocan City, "
13/10/2011,2,October,Thursday,6:00:00 PM,6 PM - 9 PM,"Tondo, Manila",Theft,Bicycle,Businessman,43,Single,Male,2,none,Female,"35, 22","Tondo, Manila"
14/10/2011,2,October,Friday,9:00:00 AM,9 AM - 12 PM,"Malate, Manila ",Theft,"Cash, Jewelry",Businessman,43,Married,Male,1,none,Male,35,Bulacan
26/10/2011,4,October,Wednesday,6:30:00 AM,6 AM - 9 AM,"Binondo, Manila",Theft,Cash,Call Center Agent,23,Single,Male,1,none,Male,27,Cavite City
30/10/2011,5,October,Sunday,7:30:00 PM,6 PM - 9 PM,"Sta. Cruz, Manila",Robbery,Cash,Businessman,33,Married,Male,1,Gun,Female,24,"Ermita, Manila"
30/10/2011,5,October,Sunday,10:00:00 PM,9 PM - 12 AM,"Tondo, Manila",Robbery,Phone,Student,17,Married,Male,1,Gun,Female,41,Antipolo City
04/11/2011,1,November,Friday,7:30:00 AM,6 AM - 9 AM,"Sta. Cruz, Manila",Theft,Hardware Products,Businessman,34,Married,Male,1,none,Male,33,"Tondo, Manila"
09/11/2011,2,November,Wednesday,5:00:00 PM,3 PM - 6 PM,"Tondo, Manila",Robbery,Gadgets,Businessman,33,Single,Male,1,Gun,Male,42,Antipolo City
10/11/2011,2,November,Thursday,2:00:00 PM,12 PM - 3 PM,"Sta. Cruz, Manila",Theft,Cash,Call Center Agent,25,Married,Female,1,none,Male,27,"Tondo, Manila"
14/11/2011,2,November,Monday,6:30:00 PM,6 PM - 9 PM,"San Andres, Manila",Robbery,Cash,Businessman,42,Married,Male,1,Gun,Female,35,"Tondo, Manila"
19/11/2011,3,November,Saturday,1:00:00 PM,12 PM - 3 PM,"Sampaloc, Manila",Theft,"Electronics, Cash",Businessman,44,Married,Male,1,none,Male,27,"Tondo, Manila"
20/11/2011,3,November,Sunday,6:30:00 PM,6 PM - 9 PM,"Sampaloc, Manila",Robbery,Motorcycle,Businessman,43,Married,Male,1,Gun,Male,24,"Sampaloc, Manila"
25/11/2011,4,November,Friday,1:00:00 PM,12 PM - 3 PM,"Malate, Manila ",Robbery,"Cash, IDs",Call Center Agent,23,Married,Male,2,Gun,Female,"40, 23","Sampaloc, Manila"
26/11/2011,4,November,Saturday,6:30:00 PM,6 PM - 9 PM,"Tondo, Manila",Theft,"Cash, Gadgets",Businessman,32,Single,Male,1,none,Male,33,"Caloocan City, "
29/11/2011,5,November,Tuesday,1:00:00 PM,12 PM - 3 PM,"Sta. Cruz, Manila",Theft,"Cash, Jewelry",Businessman,34,Married,Male,1,none,Male,42,"Tondo, Manila"
02/12/2011,1,December,Friday,4:00:00 AM,3 AM - 6 AM,"Malate, Manila ",Robbery,Cash,Businessman,43,Married,Male,1,Gun,Male,27,Bulacan
07/12/2011,1,December,Wednesday,11:00:00 AM,9 AM - 12 PM,"Tondo, Manila",Theft,Jewelry,Student,17,Married,Female,2,none,Female,36,Cavite City
10/12/2011,2,December,Saturday,5:00:00 PM,3 PM - 6 PM,"Sampaloc, Manila",Theft,Cash,Businessman,27,Married,Male,1,none,Male,38,Sta. Cruz Manila
15/12/2011,3,December,Thursday,12:00:00 AM,12 AM - 3 AM,"Port Area, Manila",Theft,Cash,Businessman,28,Married,Male,1,none,Female,36,"Ermita, Manila"
22/12/2011,4,December,Thursday,3:00:00 AM,3 AM - 6 AM,"Malate, Manila ",Theft,"Gadgets, Cash",Manager,26,Married,Male,1,none,Male,26,Antipolo City
24/12/2011,4,December,Saturday,3:30:00 AM,3 AM - 6 AM,"Ermita, Manila",Robbery,Cash,Jobless,22,Married,Female,1,Gun,Male,38,"Ermita, Manila"
26/12/2011,4,December,Monday,8:30:00 PM,6 PM - 9 PM,"Sampaloc, Manila",Robbery,Jewelry,Vendor,45,Married,Female,2,Gun,Male,37,"Ermita, Manila"
31/12/2011,5,December,Saturday,6:00:00 PM,6 PM - 9 PM,"Tondo, Manila",Theft,Cash,Housewife,34,Married,Female,1,none,Male,26,"Sampaloc, Manila"
31/12/2011,5,December,Saturday,11:30:00 AM,9 AM - 12 PM,"Tondo, Manila",Theft,Cash,Vendor,39,Married,Male,2,none,Male,27,Sta. Cruz Manila
06/01/2012,1,January,Friday,11:00:00 PM,9 PM - 12 AM,"San Andres, Manila",Theft,Gadget,Manager,38,S,Female,2,none,Female,30-35,"Sampaloc, Manila"
10/01/2012,2,January,Tuesday,8:00:00 PM,6 PM - 9 PM,"Ermita, Manila",Robbery,"Cash, Gadgets",Human Resource,28,M,Female,1,none,Male,28,"Tondo, Manila"
27/01/2012,4,January,Friday,9:30:00 AM,9 AM - 12 PM,"Port Area, Manila",Theft,Electronics,Custom Broker,37,M,Male,1,none,Male,37,"Tondo, Manila"
08/02/2012,2,February,Wednesday,1:00:00 PM,12 PM - 3 PM,"Ermita, Manila",Theft,"Gadget, Jewelry, Electronics",Businessman,25,M,Male,3,none,Male,30-35,"Malate, Manila"
16/02/2012,3,February,Thursday,1:00:00 PM,12 PM - 3 PM,"Ermita, Manila",Robbery,Gadget,Businessman,40,M,Male,1,Knife,Male,30-35,"Sta. Cruz, Manila"
16/02/2012,3,February,Thursday,9:30:00 PM,9 PM - 12 AM,"Malate, Manila ",Theft,Phone,Student,18,S,Male,1,none,Male,19,Quezon City
22/02/2012,4,February,Wednesday,1:00:00 PM,12 PM - 3 PM,"Tondo, Manila",Robbery,"Jewelry, Gadget",Businessman,34,S,Male,3,none,Male,36-39,"Tondo, Manila"
22/02/2012,4,February,Wednesday,5:00:00 PM,3 PM - 6 PM,"Tondo, Manila",Robbery,"Jewelry, Gadget",Businessman,34,M,Male,3,none,Male,30-35,"Malate, Manila"
27/02/2012,4,February,Monday,10:30:00 PM,9 PM - 12 AM,"Sta. Cruz, Manila",Theft,none,Police Officer,29,M,Male,3,none,2 Male 1Female,"32 (M), 30 (M), 40 (F)","Baseco, Port Area, Manila & Lope De Vega St., Sta. Cruz, Manila"
12/03/2012,2,March,Monday,5:00:00 PM,3 PM - 6 PM,"Ermita, Manila",Robbery,Gadgets,Accountant,25,S,Male,1,none,Male,41,"Tondo, Manila"
13/03/2012,2,March,Tuesday,1:00:00 PM,12 PM - 3 PM,"Tondo, Manila",Robbery,Gadget,none,27,S,Female,3,none,Male,"22,22,19","Tondo, Manila (Balut)"
13/03/2012,2,March,Tuesday,3:00:00 AM,3 AM - 6 AM,"Tondo, Manila",Theft,"Gadget, Accessories",Police Officer,24,S,Male,2,none,Male,"18, 15","Tondo, Manila"
13/03/2012,2,March,Tuesday,9:30:00 PM,9 PM - 12 AM,"Malate, Manila ",Theft,Cash,Call Center Agent,30,S,Male,1,none,Male,41,"Sta. Mesa, Manila"
19/03/2012,3,March,Monday,9:30:00 PM,9 PM - 12 AM,"Malate, Manila ",Theft,Phone,Student,18,S,Male,1,none,Male,19,Quezon City
24/03/2012,4,March,Saturday,10:00:00 PM,9 PM - 12 AM,"Ermita, Manila",Theft,Hardware Equipments,Sub-contractor,41,M,Male,6,none,Male,"52, 35, 20, 19, 20, 17","Port Area, Manila"
13/04/2012,2,April,Friday,9:00:00 AM,9 AM - 12 PM,"Ermita, Manila",Theft,Phone,Research Assistant,24,S,Female,1,none,Female,23,"Sampaloc, Manila"
14/04/2012,2,April,Saturday,11:00:00 PM,9 PM - 12 AM,"Ermita, Manila",Theft,Phone,Businessman,34,S,Male,1,none,Male,23,Caloocan City
23/04/2012,4,April,Monday,9:00:00 AM,9 AM - 12 PM,"Ermita, Manila",Theft,Cash,Police Officer,29,M,Male,1,none,Female,32,"Sampaloc, Manila"
24/04/2012,4,April,Tuesday,11:00:00 PM,9 PM - 12 AM,"Ermita, Manila",Theft,Cash,Accountant,25,M,Male,1,none,Male,43,"Tondo, Manila"
28/04/2012,4,April,Saturday,9:00:00 AM,9 AM - 12 PM,"Ermita, Manila",Theft,Cash,none,27,S,Male,1,none,Male,32,"Tondo, Manila"
02/05/2012,1,May,Wednesday,11:00:00 PM,9 PM - 12 AM,"Ermita, Manila",Theft,Phone,Businessman,34,S,Male,1,none,Female,33,"Sampaloc, Manila"
08/05/2012,2,May,Tuesday,9:00:00 AM,9 AM - 12 PM,"Ermita, Manila",Theft,Cash,Police Officer,29,M,Male,1,none,Male,34,"Tondo, Manila"
19/05/2012,3,May,Saturday,11:00:00 PM,9 PM - 12 AM,"Ermita, Manila",Theft,Cash,Accountant,25,M,Male,1,none,Male,43,"Sta. Mesa, Manila"
30/05/2012,5,May,Wednesday,9:00:00 AM,9 AM - 12 PM,"Ermita, Manila",Theft,Cash,none,27,S,Male,1,none,Male,23,"Sta. Mesa, Manila"
05/06/2012,1,June,Tuesday,6:30:00 PM,6 PM - 9 PM,"Ermita, Manila",Robbery,Jewelry,Student,16,S,Male,1,Gun,Male,28,"Quiapo, Manila"
07/06/2012,1,June,Thursday,1:00:00 AM,12 AM - 3 AM,"Tondo, Manila",Robbery,Phone and Gadget,Businessman,50,M,Male,2,Gun,Male,"19, 17","Tondo, Manila (Balut)"
14/06/2012,2,June,Thursday,7:30:00 PM,6 PM - 9 PM,"Malate, Manila ",Theft,Phone and Gadget,Call Center Agent,29,S,Male,1,none,Male,29,Davao City
16/06/2012,3,June,Saturday,12:30:00 AM,12 AM - 3 AM,"Tondo, Manila",Theft,Gadget,Student,19,S,Male,1,none,Male,36,Mandaluyong City
20/06/2012,3,June,Wednesday,12:30:00 AM,12 AM - 3 AM,"Intramuros, Manila",Theft,Phone and Cash,Student,19,S,Male,1,none,Male,36,"Ermita, Manila"
28/06/2012,4,June,Thursday,9:00:00 AM,9 AM - 12 PM,"Ermita, Manila",Theft,Cash,Businessman,46,M,Male,1,none,Male,38,"Ermita, Manila"
17/06/2012,3,June,Sunday,6:45:00 PM,6 PM - 9 PM,"Tondo, Manila",Robbery,Cash,Businesswoman,33,S,Female,1,Gun,Male,24,Caloocan City
06/07/2012,1,July,Friday,4:30:00 PM,3 PM - 6 PM,"Tondo, Manila",Robbery,"Cash, Jewelry",Businessman,36,M,Male,4,Knife,Male,23,Caloocan City
07/07/2012,1,July,Saturday,11:30:00 AM,9 AM - 12 PM,"San Andres, Manila",Robbery,Gadget,Manager,32,S,Female,1,none,Male,42,Caloocan City
08/07/2012,2,July,Sunday,1:30:00 AM,12 AM - 3 AM,"Ermita, Manila",Theft,Cash,Housewife,47,M,Female,1,none,Male,43,Mandaluyong City
13/07/2012,2,July,Friday,2:45:00 PM,12 PM - 3 PM,"Ermita, Manila",Theft,Cash,Jobless,21,M,Female,2,none,Male,"28, 31","Ermita, Manila"
14/07/2012,2,July,Saturday,4:00:00 PM,3 PM - 6 PM,"Paco, Manila",Theft,Cash,Manager,52,M,Male,1,none,Male,25,"Ermita, Manila"
14/07/2012,2,July,Saturday,6:30:00 PM,6 PM - 9 PM,"Sampaloc, Manila",Theft,Cash,Manager,50,M,Male,1,none,Male,33,Antique
15/07/2012,3,July,Sunday,4:00:00 PM,3 PM - 6 PM,"Sta. Cruz, Manila",Theft,Cash,Businesswoman,42,M,Female,1,none,Male,41,"SAB, Manila"
20/07/2012,3,July,Friday,1:00:00 PM,12 PM - 3 PM,"Malate, Manila ",Theft,Cash,Manager,37,S,Male,1,none,Male,52,"Binondo, Manila"
21/07/2012,3,July,Saturday,3:30:00 PM,3 PM - 6 PM,"San Andres, Manila",Robbery,"Cash, Jewelry, Gadgets",Businessman,26,S,Male,4,none,Male,30,Caloocan City
22/07/2012,4,July,Sunday,3:00:00 PM,3 PM - 6 PM,"Ermita, Manila",Theft,Cash,Security Representative,59,M,Male,4,none,Male,"29, 31, 41, 48","Caloocan City, Quezon City, Taguig City"
25/07/2012,4,July,Wednesday,4:00:00 AM,3 AM - 6 AM,"Paco, Manila",Robbery,"Cash, Jewelry",Office Employee,49,M,Female,2,none,Female,"17, 21","Paco, Manila"
27/07/2012,4,July,Friday,9:00:00 AM,9 AM - 12 PM,"Pandacan, Manila",Theft,Cash,Call Center Agent,23,S,Female,1,none,Male,29,Pandacan
02/08/2012,1,August,Thursday,3:20:00 AM,3 AM - 6 AM,"Sta. Ana, Manila",Robbery,Cash,Contractor,32,S,Male,3,none,Male,33,Caloocan City
08/08/2012,2,August,Wednesday,2:30:00 PM,12 PM - 3 PM,"Sampaloc, Manila",Theft,Cash,Businessman,64,M,Male,2,none,Male,"35, 30",Pandacan
09/08/2012,2,August,Thursday,3:00:00 PM,3 PM - 6 PM,"Sta. Cruz, Manila",Robbery,Phone,Businessman,22,M,Male,2,Gun,Male,"35, 40","Baclaran, Paranaque"
13/08/2012,2,August,Monday,3:00:00 PM,3 PM - 6 PM,"Quiapo, Manila",Theft,Cash,Businessman,56,M,Male,1,none,Male,34,"Quiapo, Manila"
15/08/2012,3,August,Wednesday,5:00:00 PM,3 PM - 6 PM,"Quiapo, Manila",Robbery,Cash,Businessman,46,M,Female,1,none,Male,34,"Quiapo, Manila"
02/09/2012,1,September,Sunday,9:00:00 PM,9 PM - 12 AM,"Malate, Manila ",Robbery,"Cash, Gadgets",Event Coordinator,42,M,Male,1,none,Male,37,"Paco, Manila"
13/09/2012,2,September,Thursday,12:00:00 PM,12 PM - 3 PM,"Sta. Cruz, Manila",Theft,Gadgets,Student,18,S,Male,2,none,Female,"27, 35",Taguig City
22/09/2012,4,September,Saturday,6:30:00 AM,6 AM - 9 AM,"Quiapo, Manila",Theft,Jewelry,Businesswoman,36,M,Female,1,none,Female,21,Taguig City
01/10/2012,1,October,Monday,3:30:00 PM,3 PM - 6 PM,"Malate, Manila ",Robbery,Phone and Gadget,Businesswoman,32,M,Female,1,Gun,Male,31,Caloocan City
05/10/2012,1,October,Friday,6:00:00 PM,6 PM - 9 PM,"Tondo, Manila",Theft,Phone,Businessman,32,M,Male,2,none,Male,"28, 31","Binondo, Manila"
07/10/2012,1,October,Sunday,9:00:00 AM,9 AM - 12 PM,"Malate, Manila ",Theft,Phone,Businessman,22,M,Male,1,none,Female,33,"Tondo, Manila"
26/10/2012,4,October,Friday,6:30:00 AM,6 AM - 9 AM,"Binondo, Manila",Theft,Jewelry,Businessman,32,M,Male,1,none,Female,21,"Binondo, Manila"
30/10/2012,5,October,Tuesday,7:30:00 PM,6 PM - 9 PM,"Sta. Cruz, Manila",Robbery,Gadgets,Jobless,39,S,Female,2,none,Male,"36, 37","Tondo, Manila"
31/10/2012,5,October,Wednesday,10:00:00 AM,9 AM - 12 PM,"Tondo, Manila",Theft,Cash,Jobless,65,M,Female,1,none,Male,34,"Tondo, Manila"
03/11/2012,1,November,Saturday,5:30:00 PM,3 PM - 6 PM,"Sta. Cruz, Manila",Robbery,Cash,Businessman,33,M,Male,1,Gun,Male,41,Pandacan
04/11/2012,1,November,Sunday,7:30:00 AM,6 AM - 9 AM,"San Andres, Manila",Theft,Phone,Student,20,S,Female,1,none,Female,32,"Tondo, Manila"
09/11/2012,2,November,Friday,5:00:00 PM,3 PM - 6 PM,"Sampaloc, Manila",Robbery,Phone,Businessman,34,S,Male,1,Knife,Male,30,Pandacan
10/11/2012,2,November,Saturday,2:00:00 PM,12 PM - 3 PM,"Malate, Manila ",Robbery,Phone,Student,18,M,Male,1,Knife,Male,28,Caloocan City
24/11/2012,4,November,Saturday,6:30:00 PM,6 PM - 9 PM,"San Andres, Manila",Theft,Cash,Lawyer,41,M,Female,1,none,Female,32,"Imus, Cavite"
29/11/2012,5,November,Thursday,1:00:00 PM,12 PM - 3 PM,"Ermita, Manila",Theft,"Cash, Gadgets",Student,17,S,Male,1,none,Male,18,Navotas City
02/12/2012,1,December,Sunday,4:00:00 AM,3 AM - 6 AM,"Malate, Manila ",Robbery,Gadgets,Businessman,27,S,Male,1,none,Male,29,Malabon
07/12/2012,1,December,Friday,11:00:00 AM,9 AM - 12 PM,"Tondo, Manila",Robbery,Cash,Businesswoman,60,M,Female,1,none,Male,29,"Tondo, Manila"
10/12/2012,2,December,Monday,5:00:00 PM,3 PM - 6 PM,"Sampaloc, Manila",Theft,Jewelry,Businessman,46,M,Male,1,none,Female,17,Masbate City
15/12/2012,3,December,Saturday,12:00:00 AM,12 AM - 3 AM,"Port Area, Manila",Theft,Vehicle,Dispatcher,23,S,Female,2,none,Male,"44,45",Antipolo
16/12/2012,3,December,Sunday,10:00:00 AM,9 AM - 12 PM,"Ermita, Manila",Theft,"Gadgets, Cash",OFW,26,M,Female,1,none,Female,43,Pasay City
18/12/2012,3,December,Tuesday,2:00:00 AM,12 AM - 3 AM,"Ermita, Manila",Theft,Bag,Jobless,16,M,Male,1,none,Male,46,"Ermita, Manila"
30/12/2012,5,December,Sunday,2:15:00 PM,12 PM - 3 PM,"Sta. Cruz, Manila",Robbery,Cash,Vendor,46,M,Female,2,none,Male,"32, 49",Quezon City
31/12/2012,5,December,Monday,11:00:00 AM,9 AM - 12 PM,"Sta. Cruz, Manila",Robbery,"Cash, Jewelry",Housewife,40,M,Female,1,none,Male,18,Olongapo City
06/01/2013,1,January,Sunday,11:00:00 PM,9 PM - 12 AM,"Paco, Manila",Theft,Gadgets,Physician,38,S,Female,2,none,Female,"30, 35","Sampaloc, Manila"
08/01/2013,2,January,Tuesday,8:00:00 PM,6 PM - 9 PM,"Pandacan, Manila",Robbery,"Cash, Gadgets",Human Resource,28,M,Female,1,none,Male,28,"Tondo, Manila"
18/01/2013,3,January,Friday,9:30:00 AM,9 AM - 12 PM,"Pandacan, Manila",Theft,Gadgets,Custom Broker,37,M,Male,1,none,Male,37,"Tondo, Manila"
19/01/2013,3,January,Saturday,1:00:00 PM,12 PM - 3 PM,"Sta. Ana, Manila",Theft,"Gadget, Jewelry, Electronics",Businessman,25,M,Male,3,none,Male,"30, 35, 22","Malate, Manila"
19/01/2013,3,January,Saturday,11:00:00 PM,9 PM - 12 AM,"San Andres, Manila",Theft,Gadgets,Physician,38,S,Female,1,none,Female,32,"Sampaloc, Manila"
20/01/2013,3,January,Sunday,8:00:00 PM,6 PM - 9 PM,"Ermita, Manila",Robbery,"Cash, Gadgets",Human Resource,28,M,Female,1,none,Male,28,"Tondo, Manila"
27/01/2013,4,January,Sunday,9:30:00 AM,9 AM - 12 PM,"Port Area, Manila",Theft,Gadget,Custom Broker,37,M,Male,1,none,Male,37,"Tondo, Manila"
06/02/2013,1,February,Wednesday,1:00:00 PM,12 PM - 3 PM,"Malate, Manila ",Robbery,Electronics,Businessman,40,M,Male,1,Knife,Male,32,"Sta. Cruz, Manila"
06/02/2013,1,February,Wednesday,5:00:00 PM,3 PM - 6 PM,"Tondo, Manila",Robbery,Gadgets,Accountant,25,S,Male,1,none,Male,41,"Tondo, Manila"
06/02/2013,1,February,Wednesday,1:00:00 PM,12 PM - 3 PM,"Tondo, Manila",Robbery,Electronics (Camera & Laptop) and Accessories (Jewerlry),Jobless,27,S,Female,3,none,Male,"22,22,19","Tondo, Manila (Balut)"
14/02/2013,2,February,Thursday,3:00:00 AM,3 AM - 6 AM,"Sta. Cruz, Manila",Theft,"Gadget, Jewelry",Police Officer,24,S,Male,2,none,Male,"18, 15","Tondo, Manila"
14/02/2013,2,February,Thursday,9:30:00 PM,9 PM - 12 AM,"Tondo, Manila",Theft,Wallet (Cash and Cards),Call Center Agent,30,S,Female,1,none,Male,41,"Sta. Mesa, Manila"
22/02/2013,4,February,Friday,5:00:00 PM,3 PM - 6 PM,"Tondo, Manila",Theft,Cash,Manager,38,M,Male,1,none,Female,31,"Tondo, Manila"
27/02/2013,4,February,Wednesday,10:30:00 PM,9 PM - 12 AM,"Sta. Cruz, Manila",Theft,Personal Belongings,Human Resource,28,M,Male,2,none,Female,"22, 27","Tondo, Manila"
12/03/2013,2,March,Tuesday,5:00:00 PM,3 PM - 6 PM,"Ermita, Manila",Robbery,Cash,Custom Broker,37,S,Male,1,none,Male,31,"Sta. Cruz, Manila"
13/03/2013,2,March,Wednesday,1:00:00 PM,12 PM - 3 PM,"Tondo, Manila",Robbery,Cash,Businessman,25,M,Male,1,none,Male,33,"Caloocan City, "
13/03/2013,2,March,Wednesday,3:00:00 AM,3 AM - 6 AM,"Tondo, Manila",Robbery,Phone,Businessman,40,M,Male,1,none,Male,31,"Caloocan City, "
13/03/2013,2,March,Wednesday,9:30:00 PM,9 PM - 12 AM,"Malate, Manila ",Robbery,Cash,Student,18,S,Female,1,none,Female,"34, 22","Tondo, Manila"
19/03/2013,3,March,Tuesday,9:30:00 PM,9 PM - 12 AM,"Malate, Manila ",Robbery,Cash,Businessman,34,S,Female,2,none,Male,"22, 33",Sta. Cruz Manila
24/04/2013,4,April,Wednesday,11:00:00 PM,9 PM - 12 AM,"Ermita, Manila",Theft,Phone,Businessman,34,S,Male,2,none,Female,"29, 32","Sampaloc, Manila"
13/04/2013,2,April,Saturday,9:00:00 AM,9 AM - 12 PM,"Ermita, Manila",Theft,Cash,Police Officer,29,M,Male,2,none,Male,"34, 33","Caloocan City, "
24/04/2013,4,April,Wednesday,11:00:00 PM,9 PM - 12 AM,"Ermita, Manila",Theft,Cash,Accountant,25,M,Female,1,none,Male,36,"Sampaloc, Manila"
13/04/2013,2,April,Saturday,9:00:00 AM,9 AM - 12 PM,"Ermita, Manila",Theft,Cash,Jobless,27,S,Male,2,none,Male,23,"Sampaloc, Manila"
12/05/2013,2,May,Sunday,9:00:00 AM,9 AM - 12 PM,"Ermita, Manila",Theft,Gadgets,Police Officer,24,M,Female,3,none,Male,"25, 27, 27","Caloocan City, "
13/05/2013,2,May,Monday,1:00:00 AM,12 AM - 3 AM,"Sta. Cruz, Manila",Theft,Cash,Call Center Agent,30,M,Female,1,none,Male,27,Malabon City
25/05/2013,4,May,Saturday,5:00:00 PM,3 PM - 6 PM,"Sta. Cruz, Manila",Robbery,Cash,Businessman,30,M,Male,1,none,Male,29,"Sampaloc, Manila"
27/05/2013,4,May,Monday,9:30:00 PM,9 PM - 12 AM,"Tondo, Manila",Robbery,"Cash, Phone",Businessman,30,M,Male,1,none,Male,31,"Caloocan City, "
05/06/2013,1,June,Wednesday,3:00:00 AM,3 AM - 6 AM,"Ermita, Manila",Theft,"Cash, Electronics",Manager,35,S,Female,1,none,Male,"45, 31",Cotabato
07/06/2013,1,June,Friday,11:30:00 AM,9 AM - 12 PM,"Sta. Cruz, Manila",Theft,Cash,Truck Driver,43,M,Male,1,none,Male,29," Lot 6, Blk 19, Aglipay Bldg, C-4 Road, Longus Malabon City"
14/06/2013,2,June,Friday,7:30:00 PM,6 PM - 9 PM,"Malate, Manila ",Robbery,"Electronics (Laptop and Camera), Gadgets (Phones), Cash",Call Center Agent,29,S,Male,1,none,Male,34,Davao City
16/06/2013,3,June,Sunday,12:30:00 AM,12 AM - 3 AM,"Tondo, Manila",Robbery,Electronics (Laptop),Student,19,S,Female,1,none,Male,36,Mandaluyong City
14/06/2013,2,June,Friday,12:30:00 PM,12 PM - 3 PM,"Ermita, Manila",Theft,Cash,Businesswoman ,43,M,Male,1,none,Female,23,"2260 Malaya St., Balut, Tondo, Manila"
15/06/2013,3,June,Saturday,11:30:00 AM,9 AM - 12 PM,"Tondo, Manila",Theft,Cash,Truck Driver,33,S,Male,1,none,Female,25,"Tondo, Manila"
22/06/2013,4,June,Saturday,12:30:00 PM,12 PM - 3 PM,"Tondo, Manila",Robbery,"Cash, Phone, Jewelry",Businesswoman ,40,M,Female,1,none,Male,27,"Tondo, Manila"
23/06/2013,4,June,Sunday,1:30:00 PM,12 PM - 3 PM,"Tondo, Manila",Theft,Phone,Driver,39,M,Male,1,none,Male,42,"Tondo, Manila"
24/06/2013,4,June,Monday,2:30:00 PM,12 PM - 3 PM,"Tondo, Manila",Theft,Phone,Factory Worker ,36,M,Female,1,none,Female,22,"Bldg 10, Unit 112, Katuparan Housing, Vitas, Tondo, Manila"
28/06/2013,4,June,Friday,1:00:00 PM,12 PM - 3 PM,"Tondo, Manila",Theft,Electronics (Laptop),Businessman,54,M,Male,1,none,Female,33,Pasay City
06/07/2013,1,July,Saturday,5:00:00 PM,3 PM - 6 PM,"Tondo, Manila",Theft,Cash,Businessman,63,M,Male,2,none,Male,"23, 30","Bulacan, Quezon City, Caloocan, Tondo, Manila"
07/07/2013,1,July,Sunday,1:00:00 PM,12 PM - 3 PM,"Tondo, Manila",Theft,Gadget,Student,19,S,Male,1,none,Male,33,Bulacan
08/07/2013,2,July,Monday,7:30:00 PM,6 PM - 9 PM,"Tondo, Manila",Robbery,Cash,Businessman,44,M,Female,1,Gun,Male,36,Cavite City
06/07/2013,1,July,Saturday,2:50:00 PM,12 PM - 3 PM,"Quiapo, Manila",Robbery,Phone,Businesswoman ,40,M,Male,1,Knife,Male,39,Sta. Cruz Manila
06/07/2013,1,July,Saturday,11:00:00 AM,9 AM - 12 PM,"Sta. Cruz, Manila",Robbery,Cash,Driver,42,M,Male,1,Gun,Male,42,"Sampaloc, Manila"
22/07/2013,4,July,Monday,2:00:00 PM,12 PM - 3 PM,"Sta. Cruz, Manila",Robbery,Cash,Factory Worker ,22,M,Male,1,Knife,Male,34,"Sampaloc, Manila"
29/07/2013,5,July,Monday,2:00:00 PM,12 PM - 3 PM,"Sta. Cruz, Manila",Robbery,Cash,Student,15,M,Male,1,Gun,Male,22,"Caloocan City, "
30/07/2013,5,July,Tuesday,6:15:00 PM,6 PM - 9 PM,"Sta. Cruz, Manila",Robbery,Cash,Dentist,47,M,Female,2,Gun,Male,"34, 25","Caloocan City, "
11/08/2013,2,August,Sunday,7:30:00 PM,6 PM - 9 PM,"Sta. Cruz, Manila",Robbery,"Phone, Jewelry",Jobless,21,S,Female,1,Gun,Male,54,"Caloocan City, "
13/08/2013,2,August,Tuesday,7:30:00 AM,6 AM - 9 AM,"Sta. Mesa, Manila",Robbery,Cash,OFW,35,M,Male,1,Knife,Female,37,"Caloocan City, "
14/08/2013,2,August,Wednesday,9:30:00 PM,9 PM - 12 AM,"Quiapo, Manila",Theft,Cash,Office Employee,21,S,Male,1,none,Male,37,Sta. Cruz Manila
15/08/2013,3,August,Thursday,5:00:00 PM,3 PM - 6 PM,"Tondo, Manila",Theft,Cash,Head Guard ,36,M,Male,1,none,Male,33,"Sampaloc, Manila"
15/08/2013,3,August,Thursday,11:00:00 PM,9 PM - 12 AM,"Ermita, Manila",Theft,Gadget,Office Employee,34,M,Male,1,none,Male,36,"Caloocan City, "
16/08/2013,3,August,Friday,2:30:00 AM,12 AM - 3 AM,"Ermita, Manila",Theft,Car,Office Employee,31,M,Female,1,none,Male,39,"Sampaloc, Manila"
17/08/2013,3,August,Saturday,10:00:00 AM,9 AM - 12 PM,"Sampaloc, Manila",Theft,Cash,Student,21,S,Female,1,none,Male,42,"Caloocan City, "
19/08/2013,3,August,Monday,7:30:00 AM,6 AM - 9 AM,"Intramuros, Manila",Robbery,Cash,OFW,33,M,Female,1,Gun,Male,37,"Caloocan City, "
22/08/2013,4,August,Thursday,10:30:00 AM,9 AM - 12 PM,"Sampaloc, Manila",Robbery,Cash,Call Center Agent,27,S,Male,1,Gun,Male,33,"Sampaloc, Manila"
04/09/2013,1,September,Wednesday,4:00:00 AM,3 AM - 6 AM,"Paco, Manila",Robbery,Cash,Manager,38,M,Female,2,Knife,Male,"36, 25","Sampaloc, Manila"
04/09/2013,1,September,Wednesday,9:30:00 PM,9 PM - 12 AM,"Malate, Manila ",Theft,Cash,Manager,31,M,Male,1,none,Male,40,Bulacan
09/09/2013,2,September,Monday,1:30:00 PM,12 PM - 3 PM,"Ermita, Manila",Theft,Phone,Businesswoman,34,M,Female,1,none,Male,42,Cavite City
15/09/2013,3,September,Sunday,10:00:00 AM,9 AM - 12 PM,"Malate, Manila ",Robbery,Electronics,Manager,26,S,Male,1,Gun,Male,34,"Sampaloc, Manila"
22/09/2013,4,September,Sunday,12:00:00 PM,12 PM - 3 PM,"Tondo, Manila",Theft,Phone,Manager,34,S,Male,2,none,Female,22,"Tondo, Manila"
27/09/2013,4,September,Friday,3:30:00 PM,3 PM - 6 PM,"Sampaloc, Manila",Theft,Jewelry,Manager,34,S,Female,1,none,Female,34,"Binondo, Manila"
27/09/2013,4,September,Friday,3:30:00 PM,3 PM - 6 PM,"Sampaloc, Manila",Robbery,Appliances,Manager,34,M,Female,3,Gun,Male,"37, 22, 31","Tondo, Manila"
26/10/2013,4,October,Saturday,9:00:00 PM,9 PM - 12 AM,"Paco, Manila",Robbery,"Gadgets, Cash",Freelance Event Coordinator,30,S,Male,2,none,Male,37,"Paco, Manila"
30/10/2013,5,October,Wednesday,10:30:00 AM,9 AM - 12 PM,"Malate, Manila ",Robbery,"Gadgets, Cash",Employee,35,S,Male,1,none,Male,34,"Tondo, Manila"
31/10/2013,5,October,Thursday,6:30:00 AM,6 AM - 9 AM,"Ermita, Manila",Theft,Jewelry,Businessman,32,M,Male,1,Gun,Male,21,"Binondo, Manila"
03/11/2013,1,November,Sunday,5:30:00 PM,3 PM - 6 PM,"Sta. Cruz, Manila",Theft,Gadgets,Student,20,S,Female,2,Gun,Male,"37, 28","Ermita, Manila"
04/11/2013,1,November,Monday,7:30:00 AM,6 AM - 9 AM,"San Andres, Manila",Robbery,Cash,Cashier,31,M,Male,2,none,1Male 1Female,"37, 22","Ermita, Manila"
09/11/2013,2,November,Saturday,5:00:00 PM,3 PM - 6 PM,"Sampaloc, Manila",Theft,Personal Belongings,Jobless,42,M,Male,3,none,Male,"34, 21, 29","Tondo, Manila"
10/11/2013,2,November,Sunday,2:00:00 PM,12 PM - 3 PM,"Malate, Manila ",Robbery,Phone,Sales Manager,31,M,Male,2,none,Male,21,Bulacan
11/11/2013,2,November,Monday,6:00:00 PM,6 PM - 9 PM,"Tondo, Manila",Robbery,Gadgets,Mechanic,42,M,Male,1,Gun,Male,21,Cavite City
23/11/2013,4,November,Saturday,4:00:00 AM,3 AM - 6 AM,"Sta. Cruz, Manila",Theft,Car,Office Employee,42,S,Female,1,none,Male,21,"Tondo, Manila"
24/11/2013,4,November,Sunday,7:30:00 PM,6 PM - 9 PM,"Malate, Manila ",Robbery,Gadgets,Jobless,39,S,Female,2,none,Male,"36, 37","Tondo, Manila"
29/11/2013,5,November,Friday,10:00:00 AM,9 AM - 12 PM,"Tondo, Manila",Theft,Cash,Jobless,65,M,Female,2,none,Male,"33, 23","Tondo, Manila"
02/12/2013,1,December,Monday,1:00:00 PM,12 PM - 3 PM,"Sta. Cruz, Manila",Theft,"Cash, Gadgets",Student,17,S,Male,1,none,Male,18,Navotas City
06/12/2013,1,December,Friday,8:00:00 AM,6 AM - 9 AM,"Sampaloc, Manila",Theft,Cash,Businessman,27,S,Female,1,none,Male,"33, 21",Sampaloc Manila
10/12/2013,2,December,Tuesday,3:30:00 PM,3 PM - 6 PM,"Ermita, Manila",Robbery,Cash,Businesswoman,60,M,Male,3,Gun,Male,"37, 34, 23",Sampaloc Manila
14/12/2013,2,December,Saturday,8:30:00 AM,6 AM - 9 AM,"Sampaloc, Manila",Robbery,Phone,Businessman,46,M,Male,1,Knife,Male,34,"Quezon, City"
12/12/2013,2,December,Thursday,6:00:00 PM,6 PM - 9 PM,"Tondo, Manila",Robbery,Cash,Businessman,46,M,Female,1,Gun,Male,21,Pasay City
15/12/2013,3,December,Sunday,4:00:00 AM,3 AM - 6 AM,"Malate, Manila ",Robbery,Gadgets,Businessman,27,S,Male,2,none,Male,"29, 21",Malbon City
15/12/2013,3,December,Sunday,12:00:00 AM,12 AM - 3 AM,"Tondo, Manila",Theft,Cash,Businesswoman,27,S,Male,1,none,Male,29,Sampaloc Manila
16/12/2013,3,December,Monday,10:00:00 AM,9 AM - 12 PM,"Sta. Cruz, Manila",Theft,Phone,Businessman,52,M,Female,1,none,Male,32,"Quezon, City"
18/12/2013,3,December,Wednesday,11:00:00 AM,9 AM - 12 PM,"Malate, Manila ",Robbery,Cash,Businesswoman,60,M,Male,2,none,Male,"29, 33","Tondo, Manila"
20/12/2013,3,December,Friday,2:15:00 PM,12 PM - 3 PM,"Sta. Cruz, Manila",Theft,Cash,Businessman,27,S,Male,3,none,Male,"33, 21, 28",Malbon City
27/12/2013,4,December,Friday,11:00:00 AM,9 AM - 12 PM,"Sta. Cruz, Manila",Theft,Phone,Businesswoman,55,M,Male,2,none,Male,"29, 30",Sampaloc Manila
30/12/2013,5,December,Monday,2:15:00 PM,12 PM - 3 PM,"Tondo, Manila",Theft,Phone,Businessman,46,M,Male,2,none,Male,"35, 27","Quezon, City"
30/12/2013,5,December,Monday,3:00:00 AM,3 AM - 6 AM,"Sta. Cruz, Manila",Theft,"Gadgets, Cash",Casino Financer,26,S,Female,1,none,Male,26,Antipolo City
04/01/2014,1,January,Saturday,10:11:00 AM,9 AM - 12 PM,"Pandacan, Manila",Robbery,Cash,Businessman,28,S,Female,2,Knife,Male,"32, 23","Tondo, Manila"
04/01/2014,1,January,Saturday,11:00:00 AM,9 AM - 12 PM,"Pandacan, Manila",Robbery,Cash,Businessman,59,S,Male,2,Knife,Female,28,"Ermita, Manila"
07/01/2014,1,January,Tuesday,11:10:00 AM,9 AM - 12 PM,"Pandacan, Manila",Theft,Cash,Businessman,48,S,Male,1,none,Female,22,"Tondo, Manila"
16/01/2014,3,January,Thursday,6:18:00 AM,6 AM - 9 AM,"Pandacan, Manila",Theft,Cash,Businesswoman,19,S,Female,1,none,Male,30,"Caloocan City, "
17/01/2014,3,January,Friday,5:51:00 AM,3 AM - 6 AM,"Pandacan, Manila",Robbery,Cash,Businesswoman,29,S,Female,1,none,Male,30,"Tondo, Manila"
22/01/2014,4,January,Wednesday,3:10:00 PM,3 PM - 6 PM,"Pandacan, Manila",Theft,Personal Belongings,Vendor,43,M,Female,2,none,"M, F","32, 28","Ermita, Manila"
22/01/2014,4,January,Wednesday,12:30:00 PM,12 PM - 3 PM,"Pandacan, Manila",Robbery,Cash,Vendor,47,M,Male,1,Knife,Male,32,"Tondo, Manila"
23/01/2014,4,January,Thursday,8:00:00 AM,6 AM - 9 AM,"Pandacan, Manila",Theft,Phone,Supervisor,34,M,Male,2,none,Male,42,"Caloocan City, "
24/01/2014,4,January,Friday,12:00:00 AM,12 AM - 3 AM,"Pandacan, Manila",Theft,Bike,Manager,57,S,Female,1,none,Male,31,"Tondo, Manila"
25/01/2014,4,January,Saturday,3:30:00 AM,3 AM - 6 AM,"Paco, Manila",Theft,Jewelry,Businesswoman,54,M,Male,2,none,Male,"40, 34",Sta. Cruz Manila
25/01/2014,4,January,Saturday,6:30:00 AM,6 AM - 9 AM,"Pandacan, Manila",Robbery,Cash,Manager,56,M,Female,2,Gun,Male,"35, 23",Quezon City
30/01/2014,5,January,Thursday,2:30:00 PM,12 PM - 3 PM,"Pandacan, Manila",Robbery,Personal Belongings,Jobless,29,S,Male,2,none,Male,"32, 28","Sta. Cruz, Manila"
31/01/2014,5,January,Friday,2:00:00 PM,12 PM - 3 PM,"Sta. Ana, Manila",Robbery,Cash,Businessman,63,M,Male,1,none,Female,32,"Tondo, Manila"
01/02/2014,1,February,Saturday,2:50:00 AM,12 AM - 3 AM,"Paco, Manila",Theft,Cash,Businessman,52,M,Male,3,none,Male,"20, 47, 37","Tondo, Manila"
07/02/2014,1,February,Friday,3:30:00 AM,3 AM - 6 AM,"Pandacan, Manila",Robbery,Electronics,Businesswoman,25,S,Female,1,Knife,Male,41,"Caloocan City, "
09/02/2014,2,February,Sunday,2:00:00 AM,12 AM - 3 AM,"Pandacan, Manila",Robbery,Phone,Businessman,50,M,Male,1,none,Male,22,Sta. Cruz Manila
11/02/2014,2,February,Tuesday,12:08:00 PM,12 PM - 3 PM,"Pandacan, Manila",Robbery,Cash,Driver,45,S,Male,1,Knife,Male,18,Quezon City
12/02/2014,2,February,Wednesday,4:30:00 AM,3 AM - 6 AM,"Pandacan, Manila",Robbery,Cash,Vendor,22,S,Female,1,Gun,Male,40,"Sta. Cruz, Manila"
12/02/2014,2,February,Wednesday,4:50:00 PM,3 PM - 6 PM,"Pandacan, Manila",Theft,Phone,Student,16,M,Female,1,none,Male,15,"Tondo, Manila"
14/02/2014,2,February,Friday,7:00:00 AM,6 AM - 9 AM,"Pandacan, Manila",Theft,Car,Businessman,30,M,Male,1,none,Female,32,"Tondo, Manila"
15/02/2014,3,February,Saturday,7:00:00 AM,6 AM - 9 AM,"Pandacan, Manila",Theft,Personal Belongings,Businessman,38,M,Female,1,none,Male,21,"Sampaloc, Manila"
16/02/2014,3,February,Sunday,3:00:00 AM,3 AM - 6 AM,"Paco, Manila",Robbery,Cash,Businessman,39,M,Male,2,Gun,Male,"26, 36","Tondo, Manila"
18/02/2014,3,February,Tuesday,2:50:00 AM,12 AM - 3 AM,"Pandacan, Manila",Theft,Car,Student,21,S,Male,2,none,Male,"35, 21","Tondo, Manila"
21/02/2014,3,February,Friday,7:10:00 PM,6 PM - 9 PM,"Paco, Manila",Theft,Cash,Businessman,35,M,Male,2,none,Male,"34, 42","Malate, Manila"
03/03/2014,1,March,Monday,12:05:00 AM,12 AM - 3 AM,"Pandacan, Manila",Theft,Cash,Student,18,M,Male,1,none,Female,35,Sta. Cruz Manila
06/03/2014,1,March,Thursday,1:40:00 AM,12 AM - 3 AM,"Pandacan, Manila",Robbery,Personal Belongings,Vendor,32,S,Female,1,none,Female,48,Quezon City
11/03/2014,2,March,Tuesday,8:10:00 PM,6 PM - 9 PM,"Pandacan, Manila",Robbery,Gadget,Jobless,25,S,Male,1,Knife,Male,38,"Sta. Cruz, Manila"
13/03/2014,2,March,Thursday,10:43:00 PM,9 PM - 12 AM,"Pandacan, Manila",Robbery,Phone,Student,15,S,Female,1,Gun,Male,34,Sta. Cruz Manila
14/03/2014,2,March,Friday,4:00:00 AM,3 AM - 6 AM,"Pandacan, Manila",Robbery,Cash,Jobless,48,M,Male,1,Gun,Male,35,Quezon City
18/03/2014,3,March,Tuesday,4:00:00 AM,3 AM - 6 AM,"Pandacan, Manila",Theft,Personal Belongings,Businessman,54,M,Female,1,none,Female,30,"Sta. Cruz, Manila"
19/03/2014,3,March,Wednesday,12:30:00 AM,12 AM - 3 AM,"Pandacan, Manila",Robbery,Cash,Businesswoman,55,M,Female,2,Gun,Male,"29, 38","Tondo, Manila"
21/03/2014,3,March,Friday,5:10:00 AM,3 AM - 6 AM,"Pandacan, Manila",Robbery,Cash,Businesswoman,49,M,Female,2,Gun,Male,"38, 21","Tondo, Manila"
23/03/2014,4,March,Sunday,1:00:00 AM,12 AM - 3 AM,"Pandacan, Manila",Theft,Gadget,Call Center Agent,23,M,Male,2,none,Male,"22, 28","Binondo, Manila/ Quezon City/ Quiapo Manila"
08/04/2014,2,April,Tuesday,2:00:00 AM,12 AM - 3 AM,"Sta. Ana, Manila",Robbery,Phone,Student,18,S,Male,1,none,Male,19,Quezon City
12/04/2014,2,April,Saturday,4:30:00 PM,3 PM - 6 PM,"Sta. Ana, Manila",Theft,Gadget,Theraphist,30,S,Female,1,none,Female,18,Surigao
18/04/2014,3,April,Friday,7:00:00 PM,6 PM - 9 PM,"Sampaloc, Manila",Robbery,Cash,Manager,46,M,Male,2,Knife,Male,"28, 20","Tondo, Manila"
19/04/2014,3,April,Saturday,3:30:00 PM,3 PM - 6 PM,"Sta. Cruz, Manila",Robbery,Gadget,Secretary,19,S,Female,1,none,Male,22,Valenzuela City
20/04/2014,3,April,Sunday,8:00:00 PM,6 PM - 9 PM,"Ermita, Manila",Robbery,"Cash, Jewelry",Sales Agent,89,M,Male,3,none,Male,"43, 31","Quiapo, Manila"
25/04/2014,4,April,Friday,5:00:00 PM,3 PM - 6 PM,"Sta. Cruz, Manila",Robbery,Gadget,Trainor Councelor,27,S,Male,1,none,Male,34,"Quiapo, Manila"
27/05/2014,4,May,Tuesday,9:30:00 PM,9 PM - 12 AM,"Tondo, Manila",Theft,Cash,Theraphist,30,S,Female,1,none,Male,31,"Paco, Manila"
30/05/2014,5,May,Friday,6:30:00 AM,6 AM - 9 AM,"Tondo, Manila",Robbery,Cash,Driver,34,M,Male,2,Gun,Male,38,Taguig City
10/05/2014,2,May,Saturday,8:30:00 AM,6 AM - 9 AM,"Tondo, Manila",Robbery,Cash,Manager,51,M,Male,1,Gun,Male,35,Caloocan City
13/05/2014,2,May,Tuesday,9:30:00 AM,9 AM - 12 PM,"Tondo, Manila",Robbery,"Cash, Phone",Driver,37,M,Male,2,Knife,Male,30,Caloocan City
14/05/2014,2,May,Wednesday,3:30:00 PM,3 PM - 6 PM,"Ermita, Manila",Theft,Phone,Lawyer,41,M,Female,3,none,Female,"30, 32, 34","Imus, Cavite"
15/05/2014,3,May,Thursday,8:00:00 PM,6 PM - 9 PM,"Binondo, Manila",Theft,Phone,Student,17,S,Male,1,none,Male,18,Navotas City
18/05/2014,3,May,Sunday,5:00:00 PM,3 PM - 6 PM,"Intramuros, Manila",Robbery,"Cash, Jewelry",Businessman,27,S,Male,2,none,Male,"29, 17",Malabon
02/06/2014,1,June,Monday,1:00:00 AM,12 AM - 3 AM,"Ermita, Manila",Robbery,"Cash, Jewelry",Businesswoman,60,M,Female,2,none,Male,"29, 37","Tondo, Manila"
04/06/2014,1,June,Wednesday,3:00:00 AM,3 AM - 6 AM,"Sta. Cruz, Manila",Theft,Phone,Businessman,46,M,Male,2,none,Female,"28, 26",Masbate City
12/06/2014,2,June,Thursday,12:00:00 PM,12 PM - 3 PM,"Sampaloc, Manila",Robbery,Cash,Businessman,23,S,Female,1,none,Male,42,"Quiapo, Manila"
14/06/2014,2,June,Saturday,1:00:00 AM,12 AM - 3 AM,"Tondo, Manila",Robbery,Cash,OFW,26,M,Female,1,none,Female,43,"Quiapo, Manila"
24/06/2014,4,June,Tuesday,10:30:00 AM,9 AM - 12 PM,"Tondo, Manila",Robbery,Cash,Housewife,25,M,Female,1,Gun,Male,38,"Paco, Manila"
25/06/2014,4,June,Wednesday,11:30:00 AM,9 AM - 12 PM,"Tondo, Manila",Theft,Cash,Truck Driver,33,S,Male,2,none,Male,34,Taguig City
27/06/2014,4,June,Friday,12:30:00 PM,12 PM - 3 PM,"Tondo, Manila",Robbery,"Cash, Phone, Jewelry",Businesswoman ,40,M,Female,3,none,Female,"34, 36, 23",Taguig City
07/07/2014,1,July,Monday,1:30:00 PM,12 PM - 3 PM,"Tondo, Manila",Robbery,Cash,Driver,42,M,Male,1,none,Male,30,Caloocan City
08/07/2014,2,July,Tuesday,2:30:00 PM,12 PM - 3 PM,"Tondo, Manila",Theft,Cash,Factory Worker ,22,,Female,1,none,Female,23,"Tondo, Manila"
06/07/2014,1,July,Sunday,2:50:00 PM,12 PM - 3 PM,"Quiapo, Manila",Theft,Cash,Student,15,S,Female,2,none,Female,"29, 31","Tondo, Manila"
17/07/2014,3,July,Thursday,11:00:00 AM,9 AM - 12 PM,"Sta. Cruz, Manila",Theft,Gadget,Dentist,47,M,Female,2,none,Female,"30, 27","Malate, Manila"
02/08/2014,1,August,Saturday,2:00:00 PM,12 PM - 3 PM,"Sta. Cruz, Manila",Theft,Car,N/A,21,S,Male,3,none,Male,"29, 31, 34",Caloocan City
09/08/2014,2,August,Saturday,2:00:00 PM,12 PM - 3 PM,"Sta. Cruz, Manila",Robbery,Cash,OFW,,M,Female,1,none,Female,39,Caloocan City
23/08/2014,4,August,Saturday,6:15:00 PM,6 PM - 9 PM,"Sta. Cruz, Manila",Robbery,Cash,Office Employee,21,S,Female,2,Gun,Male,"23, 22","Sampaloc, Manila"
28/08/2014,4,August,Thursday,10:00:00 PM,9 PM - 12 AM,"Quiapo, Manila",Robbery,Cash,Head Guard ,36,M,Male,1,Gun,Male,39,"Tondo, Manila"
08/09/2014,2,September,Monday,6:30:00 PM,6 PM - 9 PM,"Sta. Cruz, Manila",Theft,Cash,Office Employee,34,M,Male,1,none,Female,25,"Tondo, Manila"
20/09/2014,3,September,Saturday,10:20:00 AM,9 AM - 12 PM,"Quiapo, Manila",Theft,Cash,Office Employee,31,M,Female,1,none,Female,22,"Paco, Manila"
20/09/2014,3,September,Saturday,8:37:00 PM,6 PM - 9 PM,"Sta. Cruz, Manila",Theft,Phone,Student,21,S,Female,1,none,Female,39,"Tondo, Manila"
23/09/2014,4,September,Tuesday,6:20:00 PM,6 PM - 9 PM,"Sta. Cruz, Manila",Theft,Electronics,OFW,33,M,Female,1,none,Male,22,"Binondo, Manila"
26/09/2014,4,September,Friday,1:00:00 PM,12 PM - 3 PM,"Sta. Cruz, Manila",Theft,Phone,Call Center Agent,27,S,Male,1,none,Male,23,"Paco, Manila"
27/09/2014,4,September,Saturday,10:50:00 AM,9 AM - 12 PM,"Sta. Cruz, Manila",Theft,Jewelry,Manager,38,M,Male,1,none,Male,42,"Tondo, Manila"
29/09/2014,5,September,Monday,11:00:00 AM,9 AM - 12 PM,"Quiapo, Manila",Theft,Appliances,Manager,31,M,Male,1,none,Female,25,"Binondo, Manila"
01/10/2014,1,October,Wednesday,7:20:00 AM,6 AM - 9 AM,"Quiapo, Manila",Theft,Gadgets,Businesswoman,34,S,Female,1,none,Male,23,"Tondo, Manila"
11/10/2014,2,October,Saturday,4:30:00 PM,3 PM - 6 PM,"Sta. Cruz, Manila",Theft,Car,Manager,26,S,Female,1,none,Male,43,"Paco, Manila"
13/10/2014,2,October,Monday,3:15:00 AM,3 AM - 6 AM,"Sta. Cruz, Manila",Theft,Personal Belongings,Task Force,27,S,Male,1,none,Male,31,"Tondo, Manila"
17/10/2014,3,October,Friday,7:20:00 PM,6 PM - 9 PM,"Sta. Cruz, Manila",Theft,Phone,Safety Officer,32,M,Male,1,none,Male,31,"Binondo, Manila"
17/10/2014,3,October,Friday,3:00:00 PM,3 PM - 6 PM,"Sta. Cruz, Manila",Theft,Phone,Gov't Employee ,44,M,Female,1,none,Male,33,"Paco, Manila"
17/10/2014,3,October,Friday,3:05:00 PM,3 PM - 6 PM,"Sta. Cruz, Manila",Theft,Phone,Student,20,S,Female,1,none,Male,21,"Tondo, Manila"
28/10/2014,4,October,Tuesday,6:00:00 AM,6 AM - 9 AM,"Sta. Cruz, Manila",Theft,Cash,Cashier,31,M,Female,1,none,Male,36,"Binondo, Manila"
29/10/2014,5,October,Wednesday,12:00:00 PM,12 PM - 3 PM,"Sta. Cruz, Manila",Theft,Jewelry,Jobless,42,M,Male,1,none,Male,31,"Tondo, Manila"
06/11/2014,1,November,Thursday,7:55:00 AM,6 AM - 9 AM,"Sta. Cruz, Manila",Theft,Phone,Sales Manager,31,M,Male,1,none,Female,28,"Malate, Manila"
09/11/2014,2,November,Sunday,3:00:00 PM,3 PM - 6 PM,"Sta. Cruz, Manila",Theft,Phone,Mechanic,42,M,Male,1,none,Female,33,"Sampaloc, Manila"
02/11/2014,1,November,Sunday,4:00:00 PM,3 PM - 6 PM,"Sta. Cruz, Manila",Theft,Cash,Office Employee,42,M,Male,2,none,Male,"21, 34","Tondo, Manila"
02/11/2014,1,November,Sunday,5:00:00 PM,3 PM - 6 PM,"Sta. Cruz, Manila",Robbery,Cash,Office Employee,29,M,Female,2,Gun,Male,"36, 37","Tondo, Manila"
14/11/2014,2,November,Friday,4:00:00 AM,3 AM - 6 AM,"Sta. Cruz, Manila",Theft,Personal Belongings,Driver,22,M,Male,2,none,Male,"35, 23","Malate, Manila"
17/11/2014,3,November,Monday,3:00:00 AM,3 AM - 6 AM,"Sta. Cruz, Manila",Robbery,Cash,Owner,37,M,Male,2,Gun,Male,"23, 37",Caloocan City
26/11/2014,4,November,Wednesday,6:30:00 AM,6 AM - 9 AM,"Binondo, Manila",Robbery,Cash,Manager,42,S,Male,2,Knife,Male,"37, 23","Sampaloc, Manila"
30/11/2014,5,November,Sunday,7:30:00 PM,6 PM - 9 PM,"Sta. Cruz, Manila",Robbery,Phone,Manager,42,M,Male,2,Gun,Male,"27, 42","Tondo, Manila"
09/12/2014,2,December,Tuesday,7:30:00 PM,6 PM - 9 PM,"Sta. Cruz, Manila",Theft,Cash,Call Center Agent,29,M,Male,2,none,"M, F","23, 34","Tondo, Manila"
12/12/2014,2,December,Friday,10:00:00 AM,9 AM - 12 PM,"Tondo, Manila",Robbery,Cash,Manager,22,M,Male,2,Knife,Female,35,"Malate, Manila"
14/12/2014,2,December,Sunday,7:20:00 PM,6 PM - 9 PM,"Quiapo, Manila",Theft,Phone,Office Employee,24,S,Female,1,none,Male,23,"Tondo, Manila"
14/12/2014,2,December,Sunday,8:00:00 PM,6 PM - 9 PM,"Sta. Cruz, Manila",Theft,Cash,Jobless,22,S,Male,1,none,Male,23,"Malate, Manila"
19/12/2014,3,December,Friday,10:30:00 AM,9 AM - 12 PM,"Quiapo, Manila",Theft,Cash,Technician,35,M,Male,1,none,Male,32,"Tondo, Manila"
22/12/2014,4,December,Monday,10:00:00 AM,9 AM - 12 PM,"Sta. Cruz, Manila",Theft,Cash,Manager,40,M,Male,2,none,Female,35,"Malate, Manila"
25/12/2012,4,December,Tuesday,11:00:00 PM,9 PM - 12 AM,"Malate, Manila ",Robbery,Gadgets,Businessman,27,S,Male,1,Knife,Male,29,"Sampaloc, Manila"
26/12/2012,4,December,Wednesday,2:00:00 AM,12 AM - 3 AM,"Tondo, Manila",Robbery,Cash,Businesswoman,60,M,Female,2,Knife,Male,29,"Tondo, Manila"
31/12/2014,5,December,Wednesday,4:00:00 PM,3 PM - 6 PM,"Sta. Cruz, Manila",Theft,Motorcycle, Self employed,25,M,Male,1,none,Male,34,"Tondo, Manila"
